{
    "height": 0.058548525000000004,
    "site_volume": 0.0007753955359353464,
    "bounding_box_extents": [
        0.125,
        0.10952484,
        0.05892391
    ],
    "bounding_box_volume": 0.00080670397686555,
    "mesh_volume": 0.0005103706776563395,
    "vertices": 4181,
    "faces": 7740
}