{
    "height": 0.03680882659999999,
    "site_volume": 0.0006023017123506433,
    "bounding_box_extents": [
        0.12999993499999996,
        0.12999999999999995,
        0.03680882659999999
    ],
    "bounding_box_volume": 0.0006220688585054146,
    "mesh_volume": 0.0003623289467900609,
    "vertices": 1776,
    "faces": 3170
}