{
    "height": 0.10993162070000001,
    "site_volume": 0.0004879263986336011,
    "bounding_box_extents": [
        0.0680194438,
        0.06801949439999999,
        0.11
    ],
    "bounding_box_volume": 0.0005089312994309735,
    "mesh_volume": 0.0007914402226390445,
    "vertices": 2690,
    "faces": 3869
}