{
    "height": 0.068054238,
    "site_volume": 0.0004996372270335148,
    "bounding_box_extents": [
        0.0706103853,
        0.07043444099999999,
        0.105
    ],
    "bounding_box_volume": 0.0005222073168270121,
    "mesh_volume": 0.0005325940037570107,
    "vertices": 1347,
    "faces": 2514
}