{
    "height": 0.06900705419999997,
    "site_volume": 0.00027853115743880694,
    "bounding_box_extents": [
        0.06999999999999998,
        0.06627086619999999,
        0.06285666659999999
    ],
    "bounding_box_volume": 0.00029158960194186243,
    "mesh_volume": 0.00030315965358771536,
    "vertices": 20154,
    "faces": 38017
}