{
    "height": 0.11499999884999998,
    "site_volume": 0.0006129957962796251,
    "bounding_box_extents": [
        0.07443604999999998,
        0.07443607299999998,
        0.11499999999999996
    ],
    "bounding_box_volume": 0.0006371836339376392,
    "mesh_volume": 0.00013050557018241357,
    "vertices": 1158,
    "faces": 1878
}