{
    "height": 0.05594997655000003,
    "site_volume": 0.00021760015372165233,
    "bounding_box_extents": [
        0.06500000000000003,
        0.06211121540000003,
        0.05677667450000003
    ],
    "bounding_box_volume": 0.0002292204368717375,
    "mesh_volume": 0.00026355650173548483,
    "vertices": 28602,
    "faces": 56338
}