{
    "height": 0.043254406999999995,
    "site_volume": 0.00020503866839370632,
    "bounding_box_extents": [
        0.06999999999999999,
        0.06999999999999999,
        0.043917376999999994
    ],
    "bounding_box_volume": 0.00021519514729999992,
    "mesh_volume": 0.00025381585191613134,
    "vertices": 921,
    "faces": 1612
}