{
    "height": 0.06453488624999998,
    "site_volume": 0.0002796876379532754,
    "bounding_box_extents": [
        0.07499999999999998,
        0.05825908199999999,
        0.06549334799999999
    ],
    "bounding_box_volume": 0.00028616867486899007,
    "mesh_volume": 0.00027969679697746055,
    "vertices": 38060,
    "faces": 74912
}