{
    "height": 0.06280985583904423,
    "site_volume": 0.000448096868008131,
    "bounding_box_extents": [
        0.06394788,
        0.06203904,
        0.12
    ],
    "bounding_box_volume": 0.0004760718102282239,
    "mesh_volume": 0.00031152945133040236,
    "vertices": 1072,
    "faces": 1936
}