{
    "height": 0.03211975714345912,
    "site_volume": 0.0005439493308227144,
    "bounding_box_extents": [
        0.16499999999999998,
        0.12527294999999997,
        0.033669569999999996
    ],
    "bounding_box_volume": 0.0006959512492566972,
    "mesh_volume": 0.0003186890006158205,
    "vertices": 957,
    "faces": 1732
}