{
    "height": 0.055746330854518675,
    "site_volume": 0.00030572270399473704,
    "bounding_box_extents": [
        0.07499999999999997,
        0.07494404999999997,
        0.05689989749999998
    ],
    "bounding_box_volume": 0.00031982315724261525,
    "mesh_volume": 0.0003518974057695221,
    "vertices": 1762,
    "faces": 3132
}